﻿Country Code;City;Location;Coordinates;Pollutant;Source Name;Unit;Value;Last Updated;Country Label
LV;Riga;Riga Kronvalda boulevard;56.95484699949265, 24.10475599985532;PM10;eea;µg/m³;18.0;2024-04-11T10:00:00+03:00;Latvia
LV;Riga;Riga-Valdemara street;56.96087799960932, 24.121171000381988;CO;eea;µg/m³;190.0;2024-03-11T14:00:00+02:00;Latvia
LV;Riga;Riga Kronvalda boulevard;56.95484699949265, 24.10475599985532;PM2.5;eea;µg/m³;6.0;2024-04-11T10:00:00+03:00;Latvia
LV;Riga;Riga Kronvalda boulevard;56.95484699949265, 24.10475599985532;NO2;eea;µg/m³;28.78;2024-04-11T10:00:00+03:00;Latvia
LV;Riga;Riga-Valdemara street;56.96087799960932, 24.121171000381988;O3;eea;µg/m³;48.703;2024-04-11T10:00:00+03:00;Latvia
LV;Riga;Riga Kronvalda boulevard;56.95484699949265, 24.10475599985532;O3;eea;µg/m³;40.14;2024-04-11T10:00:00+03:00;Latvia
LV;Riga;Riga Kronvalda boulevard;56.95484699949265, 24.10475599985532;SO2;eea;µg/m³;-1.0;2024-04-11T06:00:00+03:00;Latvia
LV;Riga;Riga-Valdemara street;56.96087799960932, 24.121171000381988;PM10;eea;µg/m³;21.0;2024-04-11T10:00:00+03:00;Latvia
LV;Riga;Riga-Valdemara street;56.96087799960932, 24.121171000381988;NO2;eea;µg/m³;37.277;2024-04-11T10:00:00+03:00;Latvia
