﻿Country Code;City;Location;Coordinates;Pollutant;Source Name;Unit;Value;Last Updated;Country Label
FR;PARIS 18E ARRONDISSEMENT;PARIS 18eme;48.891665999897555, 2.346666999987613;NO2;eea;µg/m³;16.4;2024-04-10T09:00:00+03:00;France
FR;PARIS 12E ARRONDISSEMENT;Bld peripherique Est;48.83861500018727, 2.4127809998590957;NO2;eea;µg/m³;51.6;2024-04-10T09:00:00+03:00;France
FR;PARIS 12E ARRONDISSEMENT;Bld peripherique Est;48.83861500018727, 2.4127809998590957;NO;eea;µg/m³;121.0;2024-03-11T11:00:00+02:00;France
FR;PARIS 12E ARRONDISSEMENT;PARIS 12eme;48.83722300009815, 2.39389999991001;NO2;eea;µg/m³;22.2;2024-04-10T09:00:00+03:00;France
FR;PARIS 1ER ARRONDISSEMENT;PARIS 1er Les Halles;48.86211999987271, 2.344615999768577;PM10;eea;µg/m³;15.4;2024-04-10T09:00:00+03:00;France
FR;PARIS 1ER ARRONDISSEMENT;PARIS 1er Les Halles;48.86211999987271, 2.344615999768577;O3;eea;µg/m³;58.0;2024-04-10T09:00:00+03:00;France
FR;PARIS 1ER ARRONDISSEMENT;PARIS 1er Les Halles;48.86211999987271, 2.344615999768577;PM2.5;eea;µg/m³;6.9;2024-04-10T09:00:00+03:00;France
FR;PARIS 1ER ARRONDISSEMENT;PARIS 1er Les Halles;48.86211999987271, 2.344615999768577;NO2;eea;µg/m³;11.8;2024-04-10T09:00:00+03:00;France
FR;PARIS 12E ARRONDISSEMENT;PARIS 12eme;48.83722300009815, 2.39389999991001;NO;eea;µg/m³;11.7;2024-03-11T11:00:00+02:00;France
FR;PARIS 18E ARRONDISSEMENT;PARIS 18eme;48.891665999897555, 2.346666999987613;O3;eea;µg/m³;56.1;2024-04-10T09:00:00+03:00;France
FR;PARIS 18E ARRONDISSEMENT;PARIS 18eme;48.891665999897555, 2.346666999987613;PM10;eea;µg/m³;-1.0;2024-04-10T09:00:00+03:00;France
FR;PARIS 12E ARRONDISSEMENT;Bld peripherique Est;48.83861500018727, 2.4127809998590957;PM2.5;eea;µg/m³;-1.0;2024-04-10T09:00:00+03:00;France
FR;PARIS 1ER ARRONDISSEMENT;PARIS 1er Les Halles;48.86211999987271, 2.344615999768577;NO;eea;µg/m³;8.4;2024-03-11T11:00:00+02:00;France
FR;PARIS 18E ARRONDISSEMENT;PARIS 18eme;48.891665999897555, 2.346666999987613;PM2.5;eea;µg/m³;-1.0;2024-04-10T09:00:00+03:00;France
FR;PARIS 1ER ARRONDISSEMENT;PARIS 1er Les Halles;48.86211999987271, 2.344615999768577;CO;eea;µg/m³;287.0;2024-03-11T11:00:00+02:00;France
FR;PARIS 12E ARRONDISSEMENT;Bld peripherique Est;48.83861500018727, 2.4127809998590957;PM10;eea;µg/m³;-1.0;2024-04-10T09:00:00+03:00;France
FR;PARIS 18E ARRONDISSEMENT;PARIS 18eme;48.891665999897555, 2.346666999987613;NO;eea;µg/m³;4.9;2024-03-11T09:00:00+02:00;France
